Company,collectPeriodFrom,collectPeriodTo,n,Hypothese,RN,RCQ,DLF,LR,LRM,EELV,PS,LFI,Total,PublDate
Opinion Way,2022-01-02,2022-01-05,1501,,16.0,13.0,2.0,17.0,25.0,7.0,5.0,9.0,94.0,2022-01-05
Harris Interactive,2022-02-25,2022-02-28,2311,,18.0,15.0,1.0,11.0,27.0,5.0,3.5,12.5,93.0,2022-02-28
Opinion Way,2021-10-18,2021-10-20,1035,Hypothèse Pécresse / Zemmour,19.0,13.0,3.0,8.0,25.0,8.0,11.0,9.0,96.0,2021-10-20
Opinion Way,2021-10-18,2021-10-20,1035,Hypothèse Bertrand,26.0,0.0,6.0,13.0,26.0,8.0,9.0,8.0,96.0,2021-10-20
Opinion Way,2021-10-18,2021-10-20,1035,Hypothèse Barnier / Zemmour,20.0,13.0,3.0,8.0,26.0,8.0,9.0,9.0,96.0,2021-10-20
Opinion Way,2021-10-18,2021-10-20,1035,Hypothèse Bertrand / Zemmour,18.0,13.0,3.0,12.0,25.0,8.0,8.0,9.0,96.0,2021-10-20
Ifop,2021-10-05,2021-10-06,921,Hypothèse Pécresse / Zemmour,18.0,14.0,3.0,11.0,26.0,8.0,8.5,8.0,96.5,2021-10-06
Ifop,2021-10-05,2021-10-06,921,Hypothèse Bertrand / Zemmour,16.0,14.0,2.0,16.0,25.0,8.0,8.0,7.0,96.0,2021-10-06
Ipsos,2022-03-10,2022-03-14,915,,16.0,13.0,2.0,11.0,30.0,6.5,2.5,11.5,92.5,2022-03-14
Opinion Way,2022-03-06,2022-03-07,1043,,17.0,12.0,1.0,13.0,30.0,5.0,3.0,10.0,91.0,2022-03-07
Elabe,2021-12-06,2021-12-07,1110,,15.0,14.0,2.0,20.0,23.0,7.0,5.0,8.0,94.0,2021-12-07
Elabe,2022-01-31,2022-02-02,1113,,16.5,12.5,2.5,16.0,25.0,4.5,8.0,9.5,94.5,2022-02-02
Ipsos,2022-03-10,2022-03-14,9252,,16.0,13.0,2.0,10.5,29.0,7.0,2.5,12.0,92.0,2022-03-14
Ifop,2021-10-09,2021-10-13,4503,Hypothèse Barnier,18.5,17.0,3.0,8.0,27.0,7.0,7.5,8.0,96.0,2021-10-13
Ifop,2021-10-09,2021-10-13,4503,Hypothèse Pécresse,18.0,17.0,2.5,10.0,26.0,7.0,7.5,8.0,96.0,2021-10-13
Ifop,2021-10-09,2021-10-13,4503,Hypothèse Bertrand,17.0,16.0,2.5,15.0,25.0,7.0,6.5,8.0,97.0,2021-10-13
Ipsos,2021-10-07,2021-10-13,9574,Hypothèse Bertrand / Zemmour,15.0,16.0,3.0,13.0,24.0,9.0,7.0,8.0,95.0,2021-10-13
Ipsos,2021-10-07,2021-10-13,9574,Hypothèse Pécresse,25.0,0.0,5.0,13.0,27.0,10.0,7.0,8.0,95.0,2021-10-13
Ipsos,2021-10-07,2021-10-13,9574,Hypothèse Barnier / Zemmour,16.0,16.5,3.0,9.0,26.0,9.5,7.0,8.0,95.0,2021-10-13
Ipsos,2021-10-07,2021-10-13,9574,Hypothèse Bertrand,24.0,0.0,4.5,16.0,26.0,9.5,7.0,8.0,95.0,2021-10-13
Ipsos,2021-10-07,2021-10-13,9574,Hypothèse Pécresse / Zemmour,16.0,16.0,3.0,10.0,25.5,9.5,7.0,8.0,95.0,2021-10-13
Ipsos,2021-10-07,2021-10-13,9574,Hypothèse Barnier,25.0,0.0,5.0,12.0,28.0,10.0,7.0,8.0,95.0,2021-10-13
Opinion Way,2022-02-22,2022-02-25,1598,,17.0,14.0,2.0,14.0,24.0,5.0,5.0,12.0,93.0,2022-02-25
Harris Interactive,2022-01-07,2022-01-10,2124,,16.0,15.0,2.0,16.0,25.0,7.0,5.0,11.0,97.0,2022-01-10
Ifop,2022-02-10,2022-02-14,1378,,17.0,15.0,1.5,15.0,25.5,4.5,5.5,11.0,95.0,2022-02-14
Harris Interactive,2021-10-01,2021-10-04,1062,Hypothèse Pécresse,15.0,17.0,2.0,11.0,25.0,7.0,8.0,11.0,96.0,2021-10-04
Harris Interactive,2021-10-01,2021-10-04,1062,Hypothèse Barnier,16.0,18.0,2.0,7.0,27.0,7.0,8.0,11.0,96.0,2021-10-04
Harris Interactive,2021-10-01,2021-10-04,1062,Hypothèse Bertrand,15.0,17.0,2.0,13.0,24.0,6.0,8.0,11.0,96.0,2021-10-04
Cluster17,2022-02-20,2022-02-23,2615,,16.0,16.0,2.0,13.0,24.0,4.5,4.0,13.5,93.0,2022-02-23
Opinion Way,2022-03-01,2022-03-04,1624,,18.0,12.0,2.0,13.0,28.0,5.0,4.0,11.0,93.0,2022-03-04
Opinion Way,2022-01-25,2022-01-28,1568,,17.0,13.0,2.0,17.0,24.0,5.0,8.0,9.0,95.0,2022-01-28
BVA,2021-11-12,2021-11-15,1051,Hypothèse Bertrand sans Zemmour,26.0,0.0,3.0,15.0,27.0,8.5,7.0,7.5,94.0,2021-11-15
BVA,2021-11-12,2021-11-15,1051,Hypothèse Barnier sans Zemmour,28.0,0.0,4.0,9.0,29.0,8.0,7.0,8.0,93.0,2021-11-15
BVA,2021-11-12,2021-11-15,1051,Hypothèse Pécresse sans Zemmour,27.0,0.0,4.0,11.0,28.0,9.0,6.0,8.0,93.0,2021-11-15
BVA,2021-11-12,2021-11-15,1051,Hypothèse Bertrand / Zemmour,18.0,15.0,1.5,12.0,26.0,8.0,6.0,7.0,93.5,2021-11-15
BVA,2021-11-12,2021-11-15,1051,Hypothèse Pécresse / Zemmour,18.0,15.0,2.5,9.0,26.0,8.0,7.0,7.5,93.0,2021-11-15
BVA,2021-11-12,2021-11-15,1051,Hypothèse Barnier / Zemmour,19.0,15.0,3.0,8.0,27.0,8.5,6.0,7.5,94.0,2021-11-15
Ifop,2022-03-22,2022-03-25,1376,,20.5,11.0,1.5,11.5,28.0,5.0,2.0,14.0,93.5,2022-03-25
Elabe,2021-04-12,2021-04-14,1806,Hypothèse Pécresse,28.0,0.0,6.0,9.0,27.0,5.0,5.0,11.0,91.0,2021-04-14
Elabe,2021-04-12,2021-04-14,1806,Hypothèse Bertrand,26.0,0.0,5.0,15.0,25.0,6.0,5.0,11.0,93.0,2021-04-14
Harris Interactive,2021-09-17,2021-09-20,1022,Hypothèse Rousseau / Bertrand,18.0,11.0,2.0,15.0,23.0,2.0,12.0,11.0,94.0,2021-09-20
Harris Interactive,2021-09-17,2021-09-20,1022,Hypothèse Jadot / Pécresse,19.0,11.0,2.0,12.0,23.0,6.0,10.0,11.0,94.0,2021-09-20
Harris Interactive,2021-09-17,2021-09-20,1022,Hypothèse Jadot / Bertrand,18.0,11.0,2.0,14.0,23.0,6.0,9.0,11.0,94.0,2021-09-20
Ifop,2022-03-08,2022-03-11,1384,,17.5,12.5,1.0,12.0,31.0,6.0,2.0,10.5,92.5,2022-03-11
Opinion Way,2022-02-11,2022-02-14,1646,,16.0,14.0,2.0,16.0,24.0,4.0,6.0,10.0,92.0,2022-02-14
Elabe,2022-03-20,2022-03-21,1073,,20.0,10.0,3.0,10.0,27.5,4.5,1.5,15.0,91.5,2022-03-21
Opinion Way,2022-01-26,2022-01-27,988,,17.0,13.0,1.0,18.0,24.0,6.0,7.0,9.0,95.0,2022-01-27
Ifop,2021-06-29,2021-07-02,1337,Hypothèse Bertrand et Hidalgo,26.0,0.0,4.5,18.0,28.0,0.0,8.0,7.0,91.5,2021-07-02
Ifop,2021-06-29,2021-07-02,1337,Hypothèse Wauquiez,26.0,0.0,3.5,13.0,28.0,7.0,6.0,7.5,91.0,2021-07-02
Ifop,2021-06-29,2021-07-02,1337,Hypothèse Pécresse,26.0,0.0,4.5,14.0,26.0,7.0,6.5,7.5,91.5,2021-07-02
Ifop,2021-06-29,2021-07-02,1337,Hypothèse Bertrand et Jadot,27.0,0.0,4.0,18.5,26.0,9.0,0.0,7.0,91.5,2021-07-02
Ifop,2021-06-29,2021-07-02,1337,Hypothèse Bertrand,26.0,0.0,4.0,18.0,24.0,7.0,6.0,7.0,92.0,2021-07-02
Ifop,2022-03-28,2022-03-31,2775,,21.0,11.0,1.5,10.0,28.0,4.5,1.5,15.5,93.0,2022-03-31
Opinion Way,2022-03-26,2022-03-29,1617,,20.0,10.0,1.0,11.0,28.0,5.0,2.0,15.0,92.0,2022-03-29
Ifop,2022-03-24,2022-03-28,1367,,21.0,11.0,1.5,11.0,28.0,5.0,2.5,14.0,94.0,2022-03-28
Cluster17,2021-12-19,2021-12-22,1466,,13.0,14.0,2.0,16.0,20.0,5.0,10.5,12.0,92.5,2021-12-22
BVA,2021-10-07,2021-10-11,1052,Hypothèse Pécresse / Zemmour,17.0,14.0,2.5,10.0,27.0,8.0,8.0,8.0,94.5,2021-10-11
BVA,2021-10-07,2021-10-11,1052,Hypothèse Barnier / Zemmour,17.0,13.0,3.0,8.5,28.0,8.0,8.0,8.5,94.0,2021-10-11
BVA,2021-10-07,2021-10-11,1052,Hypothèse Bertrand,24.0,0.0,3.5,15.0,28.0,8.0,8.0,8.0,94.5,2021-10-11
BVA,2021-10-07,2021-10-11,1052,Hypothèse Pécresse,25.0,0.0,3.5,12.0,29.0,8.0,8.0,8.0,93.5,2021-10-11
BVA,2021-10-07,2021-10-11,1052,Hypothèse Bertrand / Zemmour,16.0,14.0,2.5,12.0,26.0,8.0,8.0,8.0,94.5,2021-10-11
BVA,2021-10-07,2021-10-11,1052,Hypothèse Barnier,25.0,0.0,4.0,10.0,30.0,8.0,8.0,8.0,93.0,2021-10-11
Opinion Way,2021-09-22,2021-09-23,980,Hypothèse Pécresse,25.0,0.0,5.0,15.0,26.0,8.0,9.0,7.0,95.0,2021-09-23
Opinion Way,2021-09-22,2021-09-23,980,Hypothèse Barnier,26.0,0.0,6.0,9.0,28.0,8.0,10.0,8.0,95.0,2021-09-23
Opinion Way,2021-09-22,2021-09-23,980,Hypothèse Bertrand,25.0,0.0,5.0,16.0,25.0,8.0,9.0,7.0,95.0,2021-09-23
Opinion Way,2021-09-22,2021-09-23,980,Hypothèse Bertrand / Zemmour,20.0,10.0,2.0,15.0,24.0,7.0,9.0,8.0,95.0,2021-09-23
Harris Interactive,2022-01-28,2022-01-31,2141,,17.0,14.0,2.0,15.0,24.0,6.0,7.0,11.0,96.0,2022-01-31
Harris Interactive,2022-01-21,2022-01-24,2496,Hypothèse avec Taubira,17.0,14.0,2.0,15.0,24.0,5.0,8.0,10.0,95.0,2022-01-24
Harris Interactive,2022-01-21,2022-01-24,2496,Hypothèse sans Taubira,17.0,14.0,2.0,15.0,25.0,7.0,4.0,11.0,95.0,2022-01-24
Elabe,2022-01-10,2022-01-11,1071,Hypothèse sans Taubira,17.0,13.0,1.5,17.0,23.0,7.0,4.5,9.5,92.5,2022-01-11
Elabe,2022-01-10,2022-01-11,1071,Hypothèse avec Taubira,16.5,12.5,2.0,16.0,22.5,6.0,7.5,10.0,93.0,2022-01-11
Opinion Way,2022-01-23,2022-01-26,1629,,16.0,14.0,1.0,17.0,25.0,5.0,8.0,9.0,95.0,2022-01-26
Ipsos,2022-02-03,2022-02-07,8148,,15.0,14.5,1.5,15.5,24.0,7.0,7.5,9.0,94.0,2022-02-07
Ipsos,2022-03-30,2022-04-02,1122,,21.0,9.5,1.5,11.0,26.0,6.0,2.0,15.5,92.5,2022-04-02
Harris Interactive,2021-06-04,2021-06-07,1006,Hypothèse X. Bertrand,28.0,0.0,3.0,14.0,25.0,6.0,7.0,11.0,94.0,2021-06-07
Harris Interactive,2021-06-04,2021-06-07,1006,Hypothèse F. Baroin,28.0,0.0,3.0,10.0,28.0,6.0,7.0,11.0,93.0,2021-06-07
Ifop,2022-03-10,2022-03-14,1393,,18.0,13.0,1.0,11.0,31.0,5.0,2.0,11.5,92.5,2022-03-14
Ifop,2020-09-25,2020-09-28,1608,Hypothèse Dati,24.0,0.0,8.0,8.0,25.0,8.0,4.0,13.0,90.0,2020-09-28
Ifop,2020-09-25,2020-09-28,1608,Hypothèse Royal,24.0,0.0,5.5,17.0,23.0,8.0,5.0,10.0,92.5,2020-09-28
Ifop,2020-09-25,2020-09-28,1608,Hypothèse Retailleau,26.0,0.0,6.0,8.0,26.0,8.0,4.0,12.0,90.0,2020-09-28
Ifop,2020-09-25,2020-09-28,1608,Hypothèse UG-Mélenchon,24.0,0.0,6.5,19.0,26.0,0.0,0.0,15.0,90.5,2020-09-28
Ifop,2020-09-25,2020-09-28,1608,Hypothèse UG-Hidalgo,26.0,0.0,7.0,18.0,25.0,0.0,13.0,0.0,89.0,2020-09-28
Ifop,2020-09-25,2020-09-28,1608,Hypothèse Pécresse,27.0,0.0,7.0,11.0,25.0,8.0,4.0,11.0,93.0,2020-09-28
Ifop,2020-09-25,2020-09-28,1608,Hypothèse Hollande,24.0,0.0,6.0,16.0,23.0,7.0,7.0,10.0,93.0,2020-09-28
Ifop,2020-09-25,2020-09-28,1608,Hypothèse UG-Jadot,26.0,0.0,6.0,19.0,26.0,13.0,0.0,0.0,90.0,2020-09-28
Ifop,2020-09-25,2020-09-28,1608,Hypothèse Baroin,25.0,0.0,6.0,14.0,24.0,8.0,5.0,11.0,93.0,2020-09-28
Ifop,2020-09-25,2020-09-28,1608,Hypothèse Bertrand,24.0,0.0,5.0,16.0,25.0,7.5,4.0,12.0,93.5,2020-09-28
Ifop,2020-09-25,2020-09-28,1608,Hypothèse Hidalgo,24.0,0.0,5.5,15.5,23.0,6.0,9.0,11.0,94.0,2020-09-28
Ifop,2021-06-08,2021-06-09,901,,28.0,5.5,3.5,13.5,26.0,5.5,5.0,9.0,96.0,2021-06-09
Opinion Way,2021-11-15,2021-11-17,1454,Hypothèse Bertrand / Zemmour,19.0,12.0,3.0,13.0,24.0,8.0,8.0,9.0,96.0,2021-11-17
Opinion Way,2021-11-15,2021-11-17,1454,Hypothèse Pécresse / Zemmour,20.0,12.0,3.0,11.0,24.0,8.0,9.0,9.0,96.0,2021-11-17
Opinion Way,2021-11-15,2021-11-17,1454,Hypothèse Bertrand sans Zemmour,26.0,0.0,4.0,14.0,25.0,8.0,9.0,9.0,95.0,2021-11-17
Opinion Way,2021-11-15,2021-11-17,1454,Hypothèse Barnier / Zemmour,21.0,12.0,3.0,9.0,25.0,8.0,9.0,9.0,96.0,2021-11-17
Harris Interactive,2021-05-14,2021-05-17,1002,Hypothèse M. Barnier,29.0,0.0,5.0,6.0,27.0,6.0,6.0,13.0,92.0,2021-05-17
Harris Interactive,2021-05-14,2021-05-17,1002,Hypothèse X. Bertrand,27.0,0.0,4.0,14.0,25.0,6.0,6.0,12.0,94.0,2021-05-17
Ipsos,2021-01-27,2021-01-28,750,Hypothèse Jadot-Hidalgo,26.0,0.0,7.0,14.5,24.0,7.5,9.0,10.0,98.0,2021-01-28
Ipsos,2021-01-27,2021-01-28,750,Hypothèse Jadot-Montebourg,26.5,0.0,7.0,15.0,25.0,10.0,4.5,10.0,98.0,2021-01-28
Ipsos,2021-01-27,2021-01-28,750,Hypothèse Jadot-Montebourg-Hidalgo,25.0,0.0,7.0,14.0,24.0,4.0,15.0,9.0,98.0,2021-01-28
Ipsos,2021-01-27,2021-01-28,750,Hypothèse Piolle-Hidalgo,25.0,0.0,7.5,14.5,27.0,2.0,12.0,10.0,98.0,2021-01-28
Ipsos,2021-01-27,2021-01-28,750,Hypothèse Hidalgo,25.0,0.0,7.0,16.0,25.0,0.0,16.0,9.0,98.0,2021-01-28
Ipsos,2021-01-27,2021-01-28,750,Hypothèse Jadot-Hollande,26.0,0.0,6.0,14.5,26.0,6.0,9.0,10.0,97.5,2021-01-28
Ipsos,2021-01-27,2021-01-28,750,Hypothèse Jadot,25.0,0.0,7.0,15.0,25.0,17.0,0.0,9.0,98.0,2021-01-28
Ifop,2022-01-14,2022-01-18,1376,,17.0,11.5,2.0,16.5,24.5,5.5,7.5,10.0,94.5,2022-01-18
Ifop,2022-01-24,2022-01-27,1362,,18.5,13.5,1.5,16.0,24.5,5.5,6.5,9.0,95.0,2022-01-27
Harris Interactive,2021-09-10,2021-09-13,1063,Hypothèse Ciotti,26.0,0.0,5.0,6.0,29.0,7.0,7.0,11.0,91.0,2021-09-13
Harris Interactive,2021-09-10,2021-09-13,1063,Hypothèse Juvin,27.0,0.0,5.0,5.0,29.0,7.0,7.0,11.0,91.0,2021-09-13
Harris Interactive,2021-09-10,2021-09-13,1063,Hypothèse Bertrand / Zemmour,19.0,10.0,2.0,14.0,23.0,7.0,7.0,11.0,93.0,2021-09-13
Harris Interactive,2021-09-10,2021-09-13,1063,Hypothèse Bertrand,22.0,0.0,5.0,15.0,24.0,7.0,7.0,11.0,91.0,2021-09-13
Harris Interactive,2021-09-10,2021-09-13,1063,Hypothèse Pécresse,23.0,0.0,5.0,13.0,25.0,7.0,7.0,11.0,91.0,2021-09-13
Harris Interactive,2021-09-10,2021-09-13,1063,Hypothèse Payre,29.0,0.0,5.0,1.0,30.0,7.0,7.0,12.0,91.0,2021-09-13
Harris Interactive,2021-09-10,2021-09-13,1063,Hypothèse Barnier,26.0,0.0,5.0,9.0,26.0,7.0,7.0,11.0,91.0,2021-09-13
Opinion Way,2022-02-21,2022-02-24,1603,,16.0,14.0,2.0,14.0,24.0,5.0,5.0,11.0,91.0,2022-02-24
Harris Interactive,2021-10-15,2021-10-18,2006,Hypothèse Pécresse,16.0,17.0,2.0,10.0,25.0,9.0,7.0,10.0,96.0,2021-10-18
Harris Interactive,2021-10-15,2021-10-18,2006,Hypothèse Bertrand,16.0,17.0,1.0,14.0,23.0,8.0,7.0,10.0,96.0,2021-10-18
Harris Interactive,2021-10-15,2021-10-18,2006,Hypothèse Barnier,16.0,18.0,2.0,8.0,25.0,9.0,8.0,10.0,96.0,2021-10-18
Ipsos,2022-03-11,2022-03-15,904,,15.5,13.0,2.5,11.0,30.0,6.0,2.5,11.0,91.5,2022-03-15
Elabe,2021-10-05,2021-10-06,927,Hypothèse Bertrand / Zemmour,16.0,13.0,3.0,13.0,25.0,9.0,6.0,7.0,92.0,2021-10-06
Elabe,2021-10-05,2021-10-06,927,Hypothèse Barnier / Zemmour,18.0,14.0,4.0,5.0,28.0,9.0,7.0,8.0,93.0,2021-10-06
Elabe,2021-10-05,2021-10-06,927,Hypothèse Pécresse / Zemmour,17.0,14.0,3.0,8.0,27.0,9.0,7.0,8.0,93.0,2021-10-06
Elabe,2021-10-05,2021-10-06,927,Hypothèse Barnier,25.0,0.0,4.0,8.0,29.0,11.0,7.0,8.0,92.0,2021-10-06
Elabe,2021-10-05,2021-10-06,927,Hypothèse Bertrand,23.0,0.0,4.0,14.0,25.0,10.0,7.0,8.0,91.0,2021-10-06
Elabe,2021-10-05,2021-10-06,927,Hypothèse Pécresse,24.0,0.0,5.0,11.0,27.0,10.0,5.0,8.0,90.0,2021-10-06
Ifop,2022-01-29,2022-02-01,1343,,17.5,14.0,1.5,16.0,24.0,5.0,7.5,9.5,95.0,2022-02-01
Ifop,2022-02-18,2022-02-22,1372,,16.0,16.0,2.0,14.5,25.0,5.0,4.0,11.5,94.0,2022-02-22
Harris Interactive,2021-10-08,2021-10-11,1051,Hypothèse Barnier sans Zemmour,27.0,0.0,4.0,9.0,28.0,8.0,8.0,11.0,95.0,2021-10-11
Harris Interactive,2021-10-08,2021-10-11,1051,Hypothèse Barnier,16.0,18.0,2.0,7.0,27.0,8.0,7.0,11.0,96.0,2021-10-11
Harris Interactive,2021-10-08,2021-10-11,1051,Hypothèse Pécresse sans Zemmour,26.0,0.0,4.0,11.0,27.0,8.0,8.0,11.0,95.0,2021-10-11
Harris Interactive,2021-10-08,2021-10-11,1051,Hypothèse Pécresse,15.0,17.0,2.0,11.0,25.0,8.0,7.0,11.0,96.0,2021-10-11
Harris Interactive,2021-10-08,2021-10-11,1051,Hypothèse Bertrand,15.0,17.0,1.0,14.0,24.0,7.0,7.0,11.0,96.0,2021-10-11
Harris Interactive,2021-10-08,2021-10-11,1051,Hypothèse Bertrand sans Zemmour,26.0,0.0,4.0,15.0,25.0,7.0,7.0,11.0,95.0,2021-10-11
Ipsos,2021-09-02,2021-09-03,490,Hypothèse Bertrand / Zemmour,19.0,8.0,2.0,15.0,24.0,10.0,11.0,8.0,97.0,2021-09-03
Ipsos,2021-09-02,2021-09-03,490,Hypothèse Bertrand,22.0,0.0,4.0,17.0,25.0,10.0,11.0,8.0,97.0,2021-09-03
Ipsos,2021-09-02,2021-09-03,490,Hypothèse Barnier,23.0,0.0,5.0,13.0,26.0,11.0,11.0,8.0,97.0,2021-09-03
Ipsos,2021-09-02,2021-09-03,490,Hypothèse Pécresse,22.0,0.0,4.5,16.0,25.5,10.0,11.0,8.0,97.0,2021-09-03
Ipsos,2021-09-02,2021-09-03,490,Hypothèse Barnier / Zemmour,20.0,8.5,4.0,11.0,24.0,10.0,11.0,8.5,97.0,2021-09-03
Ipsos,2021-09-02,2021-09-03,490,Hypothèse Pécresse / Zemmour,19.0,8.0,2.5,14.0,24.0,10.0,11.0,8.5,97.0,2021-09-03
Ifop,2022-02-26,2022-03-02,1383,,17.0,12.5,2.0,13.5,28.0,4.5,4.0,11.0,92.5,2022-03-02
Ifop,2022-01-18,2022-01-20,1377,,18.0,12.0,1.5,16.0,25.5,5.5,6.0,10.5,95.0,2022-01-20
Opinion Way,2022-02-20,2022-02-23,1639,,16.0,14.0,2.0,14.0,25.0,5.0,4.0,11.0,91.0,2022-02-23
Opinion Way,2022-03-13,2022-03-14,1072,,18.0,11.0,2.0,10.0,30.0,6.0,3.0,11.0,91.0,2022-03-14
Opinion Way,2022-02-18,2022-02-21,1638,,17.0,14.0,2.0,14.0,25.0,5.0,5.0,10.0,92.0,2022-02-21
Elabe,2020-06-30,2020-07-01,893,Hypothèse Baroin-Faure-Jadot,24.5,0.0,5.5,12.0,31.0,8.5,2.5,11.5,95.5,2020-07-01
Elabe,2020-06-30,2020-07-01,893,Hypothèse Bertrand-Jadot,26.5,0.0,5.5,12.0,31.0,9.0,0.0,12.5,96.5,2020-07-01
Elabe,2020-06-30,2020-07-01,893,Hypothèse Baroin-Jadot,26.5,0.0,5.0,11.0,31.0,10.0,0.0,12.5,96.0,2020-07-01
Elabe,2020-06-30,2020-07-01,893,Hypothèse Bertrand-Faure-Jadot,27.5,0.0,5.0,11.0,30.0,8.5,2.5,12.5,97.0,2020-07-01
Ipsos,2022-02-24,2022-02-27,9009,,15.5,15.0,2.0,12.5,26.5,7.5,2.5,11.5,93.0,2022-02-27
Cluster17,2022-03-03,2022-03-06,2056,,14.5,14.5,2.0,13.0,28.0,5.5,1.5,13.5,92.5,2022-03-06
Opinion Way,2022-02-13,2022-02-16,1604,,15.0,15.0,2.0,16.0,25.0,5.0,6.0,10.0,94.0,2022-02-16
Harris Interactive,2021-08-20,2021-08-23,1113,Hypothèse Montebourg / Bertrand,24.0,0.0,4.0,16.0,24.0,8.0,5.0,11.0,92.0,2021-08-23
Harris Interactive,2021-08-20,2021-08-23,1113,Hypothèse Hidalgo / Bertrand / Pécresse,23.0,0.0,4.0,19.0,21.0,6.0,7.0,11.0,91.0,2021-08-23
Harris Interactive,2021-08-20,2021-08-23,1113,Hypothèse Hidalgo / Bertrand,24.0,0.0,4.0,16.0,24.0,6.0,7.0,11.0,92.0,2021-08-23
Harris Interactive,2021-08-20,2021-08-23,1113,Hypothèse Hidalgo / Pécresse,26.0,0.0,4.0,13.0,25.0,6.0,7.0,11.0,92.0,2021-08-23
Opinion Way,2022-03-16,2022-03-17,1006,,18.0,11.0,2.0,11.0,29.0,6.0,2.0,12.0,91.0,2022-03-17
Ifop,2022-03-17,2022-03-21,1378,,18.5,12.5,1.5,10.5,28.0,5.5,2.0,14.0,92.5,2022-03-21
Ifop,2021-08-31,2021-09-02,1334,Hypothèse Bertrand / Zemmour,22.0,7.0,3.0,15.0,24.0,0.0,7.0,9.0,87.0,2021-09-02
Ifop,2021-08-31,2021-09-02,1334,Hypothèse Juvin,27.0,0.0,5.5,5.0,29.0,0.0,9.0,9.0,84.5,2021-09-02
Ifop,2021-08-31,2021-09-02,1334,Hypothèse Bertrand,24.0,0.0,4.0,17.0,24.0,0.0,7.0,9.5,85.5,2021-09-02
Ifop,2021-08-31,2021-09-02,1334,Hypothèse Ciotti,26.0,0.0,4.0,7.0,29.0,0.0,9.0,10.0,85.0,2021-09-02
Ifop,2021-08-31,2021-09-02,1334,Hypothèse Pécresse / Zemmour,21.0,6.0,3.5,12.0,26.0,0.0,8.5,9.0,86.0,2021-09-02
Ifop,2021-08-31,2021-09-02,1334,Hypothèse Pécresse,25.0,0.0,4.0,14.0,26.0,0.0,8.0,9.0,86.0,2021-09-02
Ifop,2021-08-31,2021-09-02,1334,Hypothèse Barnier,26.0,0.0,3.0,11.0,28.0,0.0,8.0,9.0,85.0,2021-09-02
Ifop,2021-08-31,2021-09-02,1334,Hypothèse Bertrand / Montebourg,23.0,0.0,3.0,16.0,23.0,0.0,11.5,8.0,84.5,2021-09-02
Ipsos,2022-04-01,2022-04-04,971,,21.0,10.5,2.0,8.5,26.5,5.5,2.0,16.0,92.0,2022-04-04
Ipsos,2022-04-05,2022-04-07,1044,,23.0,8.5,2.0,8.5,26.5,5.5,2.0,16.5,92.5,2022-04-07
Opinion Way,2022-03-28,2022-03-31,1562,,20.0,10.0,2.0,10.0,28.0,5.0,2.0,15.0,92.0,2022-03-31
Opinion Way,2022-03-21,2022-03-22,1093,,18.0,10.0,2.0,12.0,28.0,6.0,2.0,14.0,92.0,2022-03-22
BVA,2022-01-24,2022-01-26,1058,,18.0,12.5,2.0,16.0,24.0,6.0,7.0,10.0,95.5,2022-01-26
Harris Interactive,2021-07-02,2021-07-05,1260,Hypothèse Bertrand,24.0,0.0,4.0,17.0,24.0,7.0,7.0,10.0,93.0,2021-07-05
Harris Interactive,2021-07-02,2021-07-05,1260,Hypothèse Bertrand et Zemmour,22.0,5.0,2.0,16.0,24.0,7.0,7.0,10.0,93.0,2021-07-05
Harris Interactive,2021-07-02,2021-07-05,1260,Hypothèse Pécresse,26.0,0.0,4.0,12.0,26.0,8.0,7.0,10.0,93.0,2021-07-05
Opinion Way,2022-03-07,2022-03-08,1071,,17.0,12.0,2.0,12.0,30.0,6.0,2.0,11.0,92.0,2022-03-08
Ifop,2022-01-28,2022-01-31,1342,,17.5,13.5,1.5,16.5,24.0,5.0,7.5,9.5,95.0,2022-01-31
Harris Interactive,2021-01-19,2021-01-20,976,Hypothèse Pécresse-Montebourg,27.0,0.0,7.0,14.0,24.0,9.0,5.0,11.0,97.0,2021-01-20
Harris Interactive,2021-01-19,2021-01-20,976,Hypothèse Bertrand-Montebourg,26.0,0.0,7.0,16.0,23.0,10.0,5.0,10.0,97.0,2021-01-20
Harris Interactive,2021-01-19,2021-01-20,976,Hypothèse Pécresse-Hidalgo,26.0,0.0,7.0,14.0,24.0,8.0,7.0,11.0,97.0,2021-01-20
Harris Interactive,2021-01-19,2021-01-20,976,Hypothèse Bertrand-Hidalgo,26.0,0.0,7.0,16.0,24.0,6.0,7.0,11.0,97.0,2021-01-20
Ifop,2021-05-18,2021-05-20,1363,Hypothèse Valérie Pécresse,29.0,0.0,5.0,10.0,26.0,6.0,6.0,12.0,94.0,2021-05-20
Ifop,2021-05-18,2021-05-20,1363,Hypothèse Michel Barnier,29.0,0.0,6.0,8.0,27.0,5.0,6.0,12.0,93.0,2021-05-20
Ifop,2021-05-18,2021-05-20,1363,Hypothèse Bruno Retailleau,29.0,0.0,6.0,6.0,28.0,6.0,6.0,11.0,92.0,2021-05-20
Ifop,2021-05-18,2021-05-20,1363,Hypothèse Xavier Bertrand,27.0,0.0,5.0,15.0,25.0,6.0,6.0,11.0,95.0,2021-05-20
Ifop,2021-05-18,2021-05-20,1363,Hypothèse Laurent Wauquiez,30.0,0.0,5.0,8.0,27.0,6.0,7.0,12.0,95.0,2021-05-20
Harris Interactive,2021-11-05,2021-11-08,2001,Hypothèse Barnier,15.0,19.0,2.0,10.0,24.0,9.0,6.0,10.0,95.0,2021-11-08
Harris Interactive,2021-11-05,2021-11-08,2001,Hypothèse Pécresse,16.0,18.0,2.0,10.0,24.0,9.0,6.0,10.0,95.0,2021-11-08
Harris Interactive,2021-11-05,2021-11-08,2001,Hypothèse Bertrand,15.0,18.0,1.0,14.0,23.0,8.0,6.0,10.0,95.0,2021-11-08
Elabe,2021-11-10,2021-11-11,1082,Hypothèse Juvin,18.0,15.0,2.0,4.0,29.0,8.0,8.0,9.0,93.0,2021-11-11
Elabe,2021-11-10,2021-11-11,1082,Hypothèse Bertrand,17.0,14.0,2.0,13.0,25.0,7.0,7.0,8.0,93.0,2021-11-11
Elabe,2021-11-10,2021-11-11,1082,Hypothèse Pécresse,18.0,14.0,2.0,11.0,27.0,7.0,7.0,8.0,94.0,2021-11-11
Elabe,2021-11-10,2021-11-11,1082,Hypothèse Barnier,18.0,13.0,2.0,9.0,28.0,8.0,7.0,8.0,93.0,2021-11-11
Elabe,2021-11-10,2021-11-11,1082,Hypothèse Ciotti,17.0,15.0,2.0,5.0,30.0,8.0,7.0,8.0,92.0,2021-11-11
Elabe,2022-02-07,2022-02-08,1110,,15.5,13.0,1.5,15.0,26.0,4.5,5.0,10.0,90.5,2022-02-08
Ifop,2021-04-02,2021-04-08,1730,Hypothèse Bertrand,25.0,0.0,5.0,16.0,24.0,6.0,7.0,11.0,94.0,2021-04-08
Ifop,2021-04-02,2021-04-08,1730,Hypothèse Jadot-Pécresse,27.0,0.0,5.0,13.0,28.0,9.0,0.0,13.0,95.0,2021-04-08
Ifop,2021-04-02,2021-04-08,1730,Hypothèse Hidalgo-Bertrand,25.0,0.0,4.0,20.0,25.0,0.0,10.0,12.0,96.0,2021-04-08
Ifop,2021-04-02,2021-04-08,1730,Hypothèse Wauquiez,27.0,0.0,5.5,7.0,27.0,7.0,8.0,10.0,91.5,2021-04-08
Ifop,2021-04-02,2021-04-08,1730,Hypothèse Pécresse,26.0,0.0,5.0,11.0,25.0,7.0,7.0,11.0,92.0,2021-04-08
Ifop,2021-04-02,2021-04-08,1730,Hypothèse Hidalgo-Pécresse,27.0,0.0,5.0,12.0,27.0,0.0,10.0,13.0,94.0,2021-04-08
Ifop,2021-04-02,2021-04-08,1730,Hypothèse Retailleau,27.0,0.0,6.0,6.0,26.0,7.0,7.0,11.0,90.0,2021-04-08
Ifop,2021-04-02,2021-04-08,1730,Hypothèse Jadot-Bertrand,26.0,0.0,4.0,19.0,25.0,9.0,0.0,13.5,96.5,2021-04-08
Ifop,2021-04-02,2021-04-08,1730,Hypothèse Montebourg-Jadot,25.0,0.0,4.0,18.0,23.0,7.0,5.0,12.0,94.0,2021-04-08
Ifop,2021-04-02,2021-04-08,1730,Hypothèse Hidalgo-Piolle,25.0,0.0,4.0,18.0,24.0,2.0,10.0,11.0,94.0,2021-04-08
Opinion Way,2022-01-08,2022-01-11,1613,,17.0,12.0,2.0,16.0,25.0,8.0,5.0,9.0,94.0,2022-01-11
Ipsos,2022-03-21,2022-03-24,948,,19.0,10.5,2.0,10.0,29.5,6.5,2.0,12.5,92.0,2022-03-24
Ifop,2022-04-01,2022-04-05,2780,,23.0,9.5,1.5,9.5,27.0,4.5,2.5,16.5,94.0,2022-04-05
Harris Interactive,2021-06-11,2021-06-14,1304,Hypothèse « offre complète »,27.0,0.0,3.0,13.0,26.0,6.0,7.0,11.0,93.0,2021-06-14
Harris Interactive,2021-06-11,2021-06-14,1304,Hypothèse Union de la gauche derrière Jadot,29.0,0.0,4.0,14.0,28.0,12.0,0.0,0.0,87.0,2021-06-14
Harris Interactive,2021-06-11,2021-06-14,1304,Hypothèse Union de la gauche derrière Mélenchon,29.0,0.0,5.0,14.0,29.0,0.0,0.0,13.0,90.0,2021-06-14
Harris Interactive,2021-06-11,2021-06-14,1304,Hypothèse Union de la gauche derrière Hidalgo,29.0,0.0,5.0,15.0,28.0,0.0,9.0,0.0,86.0,2021-06-14
Elabe,2022-03-07,2022-03-08,1153,,15.0,11.0,2.5,10.5,33.5,5.0,1.5,13.0,92.0,2022-03-08
Ipsos,2022-03-09,2022-03-12,924,,16.0,13.5,1.5,11.0,30.5,6.5,2.5,12.0,93.5,2022-03-12
Ifop,2022-03-01,2022-03-04,1372,,17.0,12.0,1.5,14.0,29.0,5.0,3.0,11.5,93.0,2022-03-04
Cluster17,2021-08-02,2021-08-22,15737,,16.0,11.0,5.0,18.0,20.0,6.0,5.0,11.0,92.0,2021-08-22
Ipsos,2021-04-09,2021-04-15,6808,Hypothèse Pécresse,27.0,0.0,5.0,11.0,27.0,10.0,9.0,8.0,97.0,2021-04-15
Ipsos,2021-04-09,2021-04-15,6808,Hypothèse Bertrand,26.0,0.0,4.0,16.0,25.0,10.0,8.0,8.0,97.0,2021-04-15
Ipsos,2021-04-09,2021-04-15,6808,Hypothèse Retailleau,28.0,0.0,5.0,8.0,29.0,10.0,9.0,8.0,97.0,2021-04-15
Elabe,2021-11-23,2021-11-24,1042,Hypothèse Ciotti,21.0,13.0,3.0,5.0,26.0,8.0,6.0,9.0,91.0,2021-11-24
Elabe,2021-11-23,2021-11-24,1042,Hypothèse Barnier,20.0,13.0,3.0,9.0,25.0,8.0,6.0,9.0,93.0,2021-11-24
Elabe,2021-11-23,2021-11-24,1042,Hypothèse Bertrand,20.0,12.0,2.0,13.0,25.0,8.0,5.0,9.0,94.0,2021-11-24
Elabe,2021-11-23,2021-11-24,1042,Hypothèse Juvin,22.0,15.0,3.0,3.0,27.0,9.0,6.0,9.0,94.0,2021-11-24
Elabe,2021-11-23,2021-11-24,1042,Hypothèse Pécresse,20.0,13.0,3.0,9.0,25.0,8.0,6.0,9.0,93.0,2021-11-24
Odoxa,2022-02-15,2022-02-16,1799,,18.0,14.0,2.0,12.0,24.5,5.0,5.0,11.0,91.5,2022-02-16
Harris Interactive,2021-12-03,2021-12-06,2129,,18.0,14.0,2.0,14.0,23.0,7.0,6.0,11.0,95.0,2021-12-06
Elabe,2021-06-28,2021-06-29,815,Hypothèse X. Bertrand,25.0,0.0,5.0,14.0,29.0,6.0,5.0,9.0,93.0,2021-06-29
Elabe,2021-06-28,2021-06-29,815,Hypothèse V. Pécresse,23.0,0.0,4.0,11.0,30.0,7.0,5.0,10.0,90.0,2021-06-29
Elabe,2021-06-28,2021-06-29,815,Hypothèse L. Wauquiez,24.0,0.0,5.0,12.0,31.0,6.0,4.0,10.0,92.0,2021-06-29
Harris Interactive,2021-08-27,2021-08-30,1083,Hypothèse Montebourg / Bertrand,24.0,0.0,4.0,16.0,25.0,6.0,5.0,13.0,93.0,2021-08-30
Harris Interactive,2021-08-27,2021-08-30,1083,Hypothèse Hidalgo / Ciotti,26.0,0.0,4.0,6.0,30.0,6.0,7.0,12.0,91.0,2021-08-30
Harris Interactive,2021-08-27,2021-08-30,1083,Hypothèse Hidalgo / Pécresse,24.0,0.0,4.0,14.0,26.0,6.0,7.0,12.0,93.0,2021-08-30
Harris Interactive,2021-08-27,2021-08-30,1083,Hypothèse Hidalgo / Bertrand,23.0,0.0,4.0,16.0,24.0,6.0,7.0,12.0,92.0,2021-08-30
Ifop,2022-02-01,2022-02-04,1348,,18.0,13.5,2.0,15.0,25.5,4.5,7.0,10.0,95.5,2022-02-04
Cluster17,2021-11-09,2021-11-12,2540,,14.0,19.0,3.0,11.0,23.0,6.0,7.0,11.0,94.0,2021-11-12
Opinion Way,2022-01-31,2022-02-03,1609,,17.0,14.0,2.0,16.0,24.0,5.0,7.0,10.0,95.0,2022-02-03
Opinion Way,2022-02-01,2022-02-04,1609,,17.0,14.0,2.0,16.0,24.0,4.0,7.0,10.0,94.0,2022-02-04
Elabe,2021-09-11,2021-09-13,948,Hypothèse Pécresse,23.0,0.0,6.0,14.0,26.0,8.0,8.0,8.0,93.0,2021-09-13
Elabe,2021-09-11,2021-09-13,948,Hypothèse Bertrand / Zemmour,19.0,8.0,5.0,13.0,26.0,7.0,7.0,8.0,93.0,2021-09-13
Elabe,2021-09-11,2021-09-13,948,Hypothèse Pécresse / Zemmour,18.0,8.0,4.0,15.0,25.0,7.0,9.0,8.0,94.0,2021-09-13
Elabe,2021-09-11,2021-09-13,948,Hypothèse Bertrand,23.0,0.0,5.0,16.0,26.0,7.0,8.0,8.0,93.0,2021-09-13
Ifop,2022-02-25,2022-03-01,1388,,17.0,13.0,2.5,13.0,28.0,5.0,4.0,10.5,93.0,2022-03-01
Opinion Way,2022-03-07,2022-03-10,1638,,18.0,11.0,2.0,12.0,30.0,5.0,3.0,11.0,92.0,2022-03-10
Opinion Way,2022-03-14,2022-03-17,1550,,17.0,11.0,2.0,12.0,29.0,6.0,3.0,12.0,92.0,2022-03-17
Ifop,2022-04-02,2022-04-06,2791,,23.5,9.0,2.0,9.0,27.0,4.5,2.0,17.5,94.5,2022-04-06
Ipsos,2022-03-23,2022-03-26,934,,17.5,11.0,2.5,10.0,28.5,6.0,2.5,14.5,92.5,2022-03-26
Ifop,2022-02-15,2022-02-18,1366,,16.0,16.5,2.0,15.0,25.0,5.5,4.5,10.5,95.0,2022-02-18
Ipsos,2022-03-02,2022-03-03,2380,,14.5,13.0,1.5,11.5,30.5,7.5,2.5,12.0,93.0,2022-03-03
Ifop,2022-02-17,2022-02-21,1369,,16.5,16.0,1.5,15.0,24.5,5.5,4.0,11.5,94.5,2022-02-21
Opinion Way,2022-02-14,2022-02-17,1578,,15.0,15.0,2.0,15.0,24.0,5.0,6.0,11.0,93.0,2022-02-17
Ifop,2022-01-31,2022-02-02,1348,,18.0,13.5,1.5,16.0,24.6,5.0,7.5,10.0,96.1,2022-02-02
Opinion Way,2022-03-19,2022-03-22,1626,,19.0,9.0,2.0,12.0,29.0,5.0,2.0,14.0,92.0,2022-03-22
Harris Interactive,2022-04-01,2022-04-04,2200,,23.0,9.5,1.5,9.5,26.5,5.0,2.0,17.0,94.0,2022-04-04
Harris Interactive,2022-03-25,2022-03-28,2035,,21.0,10.0,2.0,9.5,28.5,5.0,2.5,15.0,93.5,2022-03-28
Ipsos,2022-03-16,2022-03-19,969,,16.5,11.0,2.0,10.0,30.5,6.0,3.0,13.0,92.0,2022-03-19
Ifop,2022-03-25,2022-03-29,1839,,21.0,11.0,1.5,10.5,27.5,5.0,2.0,14.5,93.0,2022-03-29
BVA,2022-03-01,2022-03-02,1072,,16.0,13.0,2.0,13.0,29.0,5.5,3.5,11.5,93.5,2022-03-02
Ipsos,2021-12-06,2021-12-08,794,,16.0,14.0,1.5,16.0,25.0,7.0,7.5,8.0,95.0,2021-12-08
Opinion Way,2022-02-04,2022-02-07,1630,,17.0,14.0,2.0,17.0,24.0,4.0,7.0,9.0,94.0,2022-02-07
Cluster17,2022-01-25,2022-01-29,2055,,14.5,14.5,1.5,14.0,22.5,5.0,8.0,13.0,93.0,2022-01-29
Opinion Way,2022-01-16,2022-01-19,1626,,17.0,12.0,1.0,17.0,24.0,5.0,9.0,9.0,94.0,2022-01-19
Ifop,2021-09-29,2021-10-01,1351,Hypothèse Pécresse / Zemmour,19.0,13.0,2.5,11.0,26.0,8.0,9.0,7.0,95.5,2021-10-01
Ifop,2021-09-29,2021-10-01,1351,Hypothèse Barnier / Zemmour,19.5,14.0,2.5,9.5,26.0,8.5,9.0,7.0,96.0,2021-10-01
Ifop,2021-09-29,2021-10-01,1351,Hypothèse Bertrand,23.0,0.0,2.5,18.0,26.0,8.5,10.0,7.5,95.5,2021-10-01
Ifop,2021-09-29,2021-10-01,1351,Hypothèse Bertrand / Zemmour,18.0,12.0,2.5,15.0,24.0,8.0,9.0,7.0,95.5,2021-10-01
Ifop,2021-09-29,2021-10-01,1351,Hypothèse Ciotti / Zemmour,21.0,15.0,3.0,5.0,27.0,8.0,9.0,7.5,95.5,2021-10-01
Ifop,2021-09-29,2021-10-01,1351,Hypothèse Barnier,25.0,0.0,4.0,12.0,27.0,9.0,9.5,8.0,94.5,2021-10-01
Ifop,2021-09-29,2021-10-01,1351,Hypothèse Pécresse,25.0,0.0,3.5,13.0,27.0,8.5,10.0,8.0,95.0,2021-10-01
Harris Interactive,2022-02-18,2022-02-21,2018,,17.0,15.5,1.0,13.5,24.0,5.0,4.5,12.0,92.5,2022-02-21
Opinion Way,2022-03-08,2022-03-11,1639,,17.0,12.0,2.0,12.0,30.0,6.0,3.0,12.0,94.0,2022-03-11
BVA,2022-03-08,2022-03-09,1136,,17.0,13.0,1.5,12.0,30.0,5.5,2.5,12.5,94.0,2022-03-09
Opinion Way,2022-03-15,2022-03-16,1032,,18.0,12.0,3.0,11.0,29.0,6.0,2.0,11.0,92.0,2022-03-16
Odoxa,2021-10-05,2021-10-11,2450,Hypothèse Bertrand,18.0,16.0,2.0,13.0,25.0,6.5,6.5,8.0,95.0,2021-10-11
Odoxa,2021-10-05,2021-10-11,2450,Hypothèse Pécresse,18.5,16.5,2.5,8.5,26.5,7.0,6.5,9.0,95.0,2021-10-11
Odoxa,2021-10-05,2021-10-11,2450,Hypothèse Union de la gauche derrière Jadot,18.0,16.0,2.5,13.0,26.0,11.0,0.0,8.5,95.0,2021-10-11
Ifop,2022-01-11,2022-01-14,1383,Hypothèse sans Taubira,17.0,13.5,1.5,17.0,26.0,7.0,4.5,9.0,95.5,2022-01-14
Ifop,2022-01-11,2022-01-14,1383,Hypothèse avec Taubira,16.0,14.0,1.5,16.5,25.0,6.0,8.5,8.5,96.0,2022-01-14
Ifop,2022-01-18,2022-01-21,1386,,17.5,12.0,1.5,16.5,25.5,6.0,6.0,10.0,95.0,2022-01-21
Opinion Way,2022-01-29,2022-02-01,1666,,17.0,14.0,2.0,16.0,24.0,5.0,8.0,10.0,96.0,2022-02-01
Ifop,2022-03-12,2022-03-16,1402,,18.0,13.0,1.0,11.0,30.0,5.5,2.0,12.0,92.5,2022-03-16
Ifop,2022-02-03,2022-02-04,1391,,17.0,14.0,1.5,16.0,25.0,5.0,7.0,9.5,95.0,2022-02-04
Ifop,2022-03-29,2022-04-01,2775,,21.5,11.0,2.0,9.5,28.0,4.5,1.5,15.0,93.0,2022-04-01
Opinion Way,2022-03-20,2022-03-23,1614,,20.0,9.0,2.0,11.0,28.0,6.0,2.0,14.0,92.0,2022-03-23
Ifop,2022-01-07,2022-01-11,1365,Hypothèse Taubira candidate,17.0,12.5,2.0,16.0,26.0,6.0,7.0,8.5,95.0,2022-01-11
Ifop,2022-01-07,2022-01-11,1365,Hypothèse sans Taubira,17.0,12.5,2.0,16.5,27.0,6.5,4.5,9.0,95.0,2022-01-11
Ifop,2022-01-13,2022-01-17,1394,,17.0,12.5,1.5,16.5,24.5,5.5,8.0,9.0,94.5,2022-01-17
Elabe,2022-01-24,2022-01-26,1146,Hyptohèse sans Taubira,17.0,11.5,1.5,17.0,25.0,6.5,3.0,10.0,91.5,2022-01-26
Elabe,2022-01-24,2022-01-26,1146,Hyptohèse avec Taubira,16.5,11.5,2.0,17.0,24.0,5.5,7.5,9.0,93.0,2022-01-26
Elabe,2022-02-14,2022-02-16,1071,,15.0,13.5,2.0,14.0,24.0,5.5,6.0,10.5,90.5,2022-02-16
Ipsos,2022-01-14,2022-01-17,8232,Hypothèse avec Taubira,15.5,13.0,2.0,15.5,25.0,7.0,8.5,8.0,94.5,2022-01-17
Ipsos,2022-01-14,2022-01-17,8232,Hypothèse sans Taubira,15.5,13.0,2.0,15.5,25.5,8.5,6.0,8.5,94.5,2022-01-17
Harris Interactive,2021-06-20,2021-06-21,1020,Hypothèse Wauquiez,27.0,0.0,4.0,10.0,28.0,8.0,7.0,10.0,94.0,2021-06-21
Harris Interactive,2021-06-20,2021-06-21,1020,Hypothèse Pécresse,28.0,0.0,4.0,10.0,28.0,7.0,7.0,10.0,94.0,2021-06-21
Harris Interactive,2021-06-20,2021-06-21,1020,Hypothèse Bertrand,26.0,0.0,4.0,16.0,25.0,7.0,6.0,10.0,94.0,2021-06-21
Kantar Public,2022-03-21,2022-03-23,1388,,20.0,11.0,2.5,10.0,29.0,4.5,2.0,14.0,93.0,2022-03-23
Elabe,2022-03-31,2022-04-01,1211,,22.0,9.5,2.5,8.5,28.5,4.5,1.5,15.0,92.0,2022-04-01
Opinion Way,2022-02-19,2022-02-22,1633,,17.0,14.0,2.0,14.0,25.0,5.0,5.0,10.0,92.0,2022-02-22
BVA,2022-02-15,2022-02-16,1063,,17.5,14.5,2.0,13.5,24.0,4.5,6.0,10.5,92.5,2022-02-16
Ifop,2022-03-31,2022-04-04,2791,,22.0,10.0,2.0,10.0,27.5,4.5,2.0,15.5,93.5,2022-04-04
Ifop,2022-02-22,2022-02-25,1377,,16.5,15.5,1.5,14.0,26.0,5.0,4.5,11.0,94.0,2022-02-25
Ifop,2022-02-28,2022-03-03,1375,,17.0,12.0,2.0,14.0,28.0,4.5,4.0,11.5,93.0,2022-03-03
Ipsos,2022-03-22,2022-03-25,913,,18.5,10.5,2.5,10.0,29.0,6.0,2.5,13.5,92.5,2022-03-25
Opinion Way,2022-01-18,2022-01-21,1613,,17.0,13.0,1.0,18.0,25.0,5.0,8.0,9.0,96.0,2022-01-21
Opinion Way,2022-04-06,2022-04-07,1009,,22.0,9.0,3.0,9.0,25.0,6.0,2.0,17.0,93.0,2022-04-07
Opinion Way,2022-02-27,2022-02-28,1112,,19.0,13.0,2.0,15.0,25.0,5.0,4.0,10.0,93.0,2022-02-28
Harris Interactive,2022-02-04,2022-02-07,2023,,17.0,14.5,1.0,15.0,24.0,6.0,8.0,10.0,95.5,2022-02-07
Harris Interactive,2021-05-28,2021-05-31,1057,Hypothèse V. Pécresse,28.0,0.0,4.0,10.0,27.0,6.0,6.0,13.0,94.0,2021-05-31
Harris Interactive,2021-05-28,2021-05-31,1057,Hypothèse X. Bertrand,28.0,0.0,4.0,14.0,25.0,6.0,6.0,12.0,95.0,2021-05-31
Opinion Way,2022-04-05,2022-04-08,2041,,22.0,9.0,2.0,9.0,26.0,5.0,2.0,17.0,92.0,2022-04-08
Harris Interactive,2022-02-11,2022-02-14,2053,,17.5,14.5,1.0,14.0,25.0,5.5,6.0,10.5,94.0,2022-02-14
Elabe,2022-03-15,2022-03-16,1469,,18.0,10.5,1.5,11.5,31.0,5.0,1.5,14.0,93.0,2022-03-16
Opinion Way,2022-04-02,2022-04-05,1777,,23.0,9.0,2.0,9.0,27.0,6.0,2.0,15.0,93.0,2022-04-05
Ifop,2021-11-23,2021-11-25,1351,Hypothèse Juvin,20.0,15.0,4.0,3.0,28.0,7.5,9.0,8.0,94.5,2021-11-25
Ifop,2021-11-23,2021-11-25,1351,Hypothèse Ciotti,20.0,14.0,3.5,6.0,28.0,7.0,8.5,8.5,95.5,2021-11-25
Ifop,2021-11-23,2021-11-25,1351,Hypothèse Pécresse,19.5,15.0,4.0,10.0,25.0,6.5,8.0,8.5,96.5,2021-11-25
Ifop,2021-11-23,2021-11-25,1351,Hypothèse Barnier,19.0,15.0,3.5,10.0,25.0,6.5,8.0,8.5,95.5,2021-11-25
Ifop,2021-11-23,2021-11-25,1351,Hypothèse Bertrand,19.0,14.0,3.0,13.0,25.0,7.0,8.0,7.5,96.5,2021-11-25
BVA,2021-12-06,2021-12-08,1077,,16.0,13.0,2.5,17.0,24.0,7.0,6.0,9.0,94.5,2021-12-08
Cluster17,2021-11-17,2021-11-21,2433,Hypothèse Ciotti,15.0,17.0,2.5,6.0,27.0,6.0,7.0,12.0,92.5,2021-11-21
Cluster17,2021-11-17,2021-11-21,2433,Hypothèse Barnier,14.0,17.0,3.0,8.0,24.0,7.0,7.0,12.0,92.0,2021-11-21
Cluster17,2021-11-17,2021-11-21,2433,Hypothèse Bertrand,14.0,17.0,2.0,10.0,24.0,7.0,7.0,12.0,93.0,2021-11-21
Cluster17,2021-11-17,2021-11-21,2433,Hypothèse Juvin,15.0,17.0,3.5,3.0,27.0,7.0,7.5,12.0,92.0,2021-11-21
Cluster17,2021-11-17,2021-11-21,2433,Hypothèse Pécresse,15.0,16.0,3.0,9.0,24.0,8.0,6.0,12.0,93.0,2021-11-21
Ipsos,2022-03-28,2022-03-31,990,,20.0,11.5,1.5,9.0,27.0,6.0,2.0,15.5,92.5,2022-03-31
Odoxa,2021-09-22,2021-09-23,810,Hypothèse Rousseau / Pécresse,21.5,10.5,2.5,12.5,26.0,4.0,9.0,8.0,94.0,2021-09-23
Odoxa,2021-09-22,2021-09-23,810,Hypothèse Jadot / Pécresse,21.0,10.5,3.0,13.0,25.0,5.0,8.5,7.5,93.5,2021-09-23
Odoxa,2021-09-22,2021-09-23,810,Hypothèse Rousseau / Bertrand,21.0,10.0,3.0,15.0,26.0,3.0,9.0,8.0,95.0,2021-09-23
Odoxa,2021-09-22,2021-09-23,810,Hypothèse Jadot / Bertrand,20.5,10.0,2.0,14.0,26.0,6.0,8.0,8.0,94.5,2021-09-23
Ifop,2022-01-08,2022-01-12,1371,Hypothèse sans Taubira,16.5,13.5,2.0,16.5,27.0,6.5,4.0,9.5,95.5,2022-01-12
Ifop,2022-01-08,2022-01-12,1371,Hypothèse avec Taubira,16.5,14.0,2.0,16.0,25.5,5.5,8.0,9.0,96.5,2022-01-12
Opinion Way,2022-02-05,2022-02-08,1784,,17.0,14.0,2.0,17.0,24.0,4.0,7.0,9.0,94.0,2022-02-08
Opinion Way,2022-01-10,2022-01-13,1575,,18.0,13.0,2.0,17.0,25.0,7.0,5.0,9.0,96.0,2022-01-13
Opinion Way,2022-03-11,2022-03-14,1688,,18.0,11.0,2.0,11.0,30.0,6.0,3.0,11.0,92.0,2022-03-14
Ifop,2022-02-07,2022-02-10,1377,,17.5,14.5,2.0,15.0,25.5,5.0,5.0,10.5,95.0,2022-02-10
Cluster17,2022-01-18,2022-01-22,2634,,15.0,14.0,1.5,14.0,22.0,5.0,8.5,13.0,93.0,2022-01-22
Cluster17,2021-12-04,2021-12-08,1487,,16.0,15.0,2.0,16.0,23.0,5.0,4.0,13.0,94.0,2021-12-08
Opinion Way,2022-01-15,2022-01-17,1093,,18.0,11.0,1.0,18.0,24.0,5.0,8.0,10.0,95.0,2022-01-17
Ipsos,2021-09-29,2021-09-30,750,Hypothèse Bertrand,25.0,0.0,4.0,17.0,25.0,9.0,7.0,8.5,95.5,2021-09-30
Ipsos,2021-09-29,2021-09-30,750,Hypothèse Bertrand / Zemmour,16.0,15.0,1.5,14.0,24.0,9.0,7.0,9.0,95.5,2021-09-30
Ipsos,2021-09-29,2021-09-30,750,Hypothèse Pécresse / Zemmour,17.0,15.0,1.5,12.0,25.0,9.0,7.0,9.0,95.5,2021-09-30
Ipsos,2021-09-29,2021-09-30,750,Hypothèse Pécresse,26.0,0.0,5.0,14.0,26.0,9.0,7.0,8.5,95.5,2021-09-30
Ipsos,2021-09-29,2021-09-30,750,Hypothèse Barnier / Zemmour,17.0,15.0,1.5,11.0,25.5,9.5,7.0,9.0,95.5,2021-09-30
Ipsos,2021-09-29,2021-09-30,750,Hypothèse Barnier,26.0,0.0,5.0,13.0,27.0,9.0,7.0,8.5,95.5,2021-09-30
Cluster17,2022-03-25,2022-03-27,2578,,17.0,12.5,2.5,10.0,27.0,5.5,2.0,15.0,91.5,2022-03-27
Ifop,2022-01-20,2022-01-24,1349,,18.0,12.0,2.0,16.5,24.5,5.0,6.5,10.5,95.0,2022-01-24
Opinion Way,2022-03-25,2022-03-28,1627,,20.0,10.0,2.0,11.0,28.0,5.0,2.0,14.0,92.0,2022-03-28
Opinion Way,2022-03-08,2022-03-09,1105,,17.0,12.0,1.0,13.0,30.0,7.0,2.0,11.0,93.0,2022-03-09
Harris Interactive,2021-10-22,2021-10-25,2060,Hypothèse Barnier,16.0,18.0,2.0,8.0,25.0,9.0,8.0,10.0,96.0,2021-10-25
Harris Interactive,2021-10-22,2021-10-25,2060,Hypothèse Pécresse,16.0,17.0,2.0,10.0,25.0,9.0,7.0,10.0,96.0,2021-10-25
Harris Interactive,2021-10-22,2021-10-25,2060,Hypothèse Bertrand,16.0,17.0,1.0,14.0,23.0,8.0,7.0,10.0,96.0,2021-10-25
Harris Interactive,2021-09-03,2021-09-06,1076,Hypothèse Bertrand,22.0,0.0,5.0,16.0,23.0,7.0,8.0,11.0,92.0,2021-09-06
Harris Interactive,2021-09-03,2021-09-06,1076,Hypothèse Barnier,24.0,0.0,5.0,9.0,25.0,7.0,8.0,12.0,90.0,2021-09-06
Harris Interactive,2021-09-03,2021-09-06,1076,Hypothèse Bertrand / Zemmour,19.0,7.0,3.0,15.0,23.0,7.0,8.0,10.0,92.0,2021-09-06
Harris Interactive,2021-09-03,2021-09-06,1076,Hypothèse Pécresse,23.0,0.0,5.0,14.0,24.0,7.0,8.0,11.0,92.0,2021-09-06
Harris Interactive,2021-09-03,2021-09-06,1076,Hypothèse Bertrand / Montebourg,23.0,0.0,5.0,16.0,25.0,7.0,5.0,11.0,92.0,2021-09-06
Ifop,2021-12-14,2021-12-15,1017,,12.0,16.0,2.0,18.0,25.0,7.5,5.5,9.5,95.5,2021-12-15
Harris Interactive,2021-11-26,2021-11-29,2071,Hypothèse Pécresse,20.0,13.0,2.0,11.0,24.0,8.0,7.0,10.0,95.0,2021-11-29
Harris Interactive,2021-11-26,2021-11-29,2071,Hypothèse Barnier,20.0,13.0,2.0,10.0,24.0,8.0,7.0,10.0,94.0,2021-11-29
Harris Interactive,2021-11-26,2021-11-29,2071,Hypothèse Bertrand,19.0,13.0,2.0,14.0,23.0,7.0,7.0,10.0,95.0,2021-11-29
Harris Interactive,2022-01-14,2022-01-17,2131,Hypothèse avec Taubira,17.0,14.0,1.0,16.0,25.0,6.0,8.0,10.0,97.0,2022-01-17
Harris Interactive,2022-01-14,2022-01-17,2131,Hypothèse sans Taubira,17.0,14.0,1.0,16.0,26.0,7.0,4.0,11.0,96.0,2022-01-17
BVA,2022-02-07,2022-02-09,1049,,17.0,14.0,2.0,14.5,25.0,4.5,6.0,9.0,92.0,2022-02-09
Harris Interactive,2021-03-02,2021-03-04,846,Hypothèse Xavier Bertrand,25.0,0.0,6.0,15.0,25.0,7.0,6.0,11.0,95.0,2021-03-04
Harris Interactive,2021-03-02,2021-03-04,846,Hypothèse Valérie Pécresse,25.0,0.0,6.0,12.0,26.0,8.0,7.0,11.0,95.0,2021-03-04
Kantar Public,2022-02-21,2022-02-23,1500,,16.5,16.5,2.5,12.0,25.0,4.0,4.5,12.0,93.0,2022-02-23
Elabe,2021-10-25,2021-10-27,948,Hypothèse Barnier,19.0,15.0,3.0,8.0,26.0,7.0,8.0,7.0,93.0,2021-10-27
Elabe,2021-10-25,2021-10-27,948,Hypothèse Pécresse,19.0,16.0,2.0,10.0,24.0,8.0,8.0,6.0,93.0,2021-10-27
Elabe,2021-10-25,2021-10-27,948,Hypothèse Bertrand,19.0,15.0,3.0,13.0,23.0,6.0,8.0,7.0,94.0,2021-10-27
Harris Interactive,2021-10-28,2021-10-30,2003,Hypothèse Bertrand,15.0,17.0,1.0,14.0,23.0,8.0,7.0,10.0,95.0,2021-10-30
Harris Interactive,2021-10-28,2021-10-30,2003,Hypothèse Pécresse,16.0,17.0,2.0,10.0,24.0,9.0,7.0,10.0,95.0,2021-10-30
Harris Interactive,2021-10-28,2021-10-30,2003,Hypothèse Barnier,16.0,18.0,2.0,9.0,24.0,9.0,7.0,10.0,95.0,2021-10-30
Ifop,2022-03-18,2022-03-22,1370,,19.5,12.5,1.0,10.5,28.0,5.5,2.0,13.5,92.5,2022-03-22
Ifop,2021-11-03,2021-11-05,1358,Hypothèse Juvin,18.0,18.0,4.0,2.0,28.0,7.0,9.5,9.0,95.5,2021-11-05
Ifop,2021-11-03,2021-11-05,1358,Hypothèse Bertrand,16.0,17.0,2.5,13.0,25.0,7.0,7.5,8.5,96.5,2021-11-05
Ifop,2021-11-03,2021-11-05,1358,Hypothèse Barnier,17.0,16.5,3.0,10.0,25.0,7.0,9.0,8.0,95.5,2021-11-05
Ifop,2021-11-03,2021-11-05,1358,Hypothèse Pécresse,16.5,16.5,3.5,9.0,26.0,7.0,9.0,8.0,95.5,2021-11-05
Ifop,2021-11-03,2021-11-05,1358,Hypothèse Ciotti,17.0,18.0,3.0,3.0,29.0,7.0,10.0,8.5,95.5,2021-11-05
Opinion Way,2022-03-12,2022-03-13,1110,,18.0,11.0,2.0,10.0,30.0,6.0,3.0,11.0,91.0,2022-03-13
Ifop,2022-03-04,2022-03-08,1381,,18.5,12.5,1.5,12.0,30.5,5.5,2.0,11.5,94.0,2022-03-08
Opinion Way,2022-02-26,2022-03-01,1651,,19.0,12.0,2.0,15.0,26.0,4.0,4.0,11.0,93.0,2022-03-01
Ipsos,2022-02-01,2022-02-03,818,,14.0,14.0,2.0,16.5,24.0,8.0,7.0,9.0,94.5,2022-02-03
Opinion Way,2022-01-24,2022-01-27,1567,,17.0,13.0,2.0,17.0,24.0,5.0,8.0,9.0,95.0,2022-01-27
Ifop,2021-09-14,2021-09-15,893,,20.0,9.0,3.0,15.0,26.0,6.0,9.0,8.0,96.0,2021-09-15
Ifop,2022-03-05,2022-03-09,1379,,18.5,12.0,1.0,12.0,31.5,5.5,2.0,11.0,93.5,2022-03-09
Cluster17,2022-02-08,2022-02-11,2175,,16.5,15.0,1.0,15.0,23.0,5.0,4.5,13.0,93.0,2022-02-11
Harris Interactive,2021-05-21,2021-05-24,1014,Hypothèse X. Bertrand,27.0,0.0,4.0,14.0,25.0,6.0,6.0,13.0,95.0,2021-05-24
Harris Interactive,2021-05-21,2021-05-24,1014,Hypothèse V. Pécresse,27.0,0.0,4.0,11.0,27.0,6.0,7.0,13.0,95.0,2021-05-24
Ifop,2022-03-31,2022-04-01,1405,,22.0,10.5,2.0,9.0,27.0,5.0,2.0,15.0,92.5,2022-04-01
Opinion Way,2022-01-19,2022-01-20,1011,,18.0,13.0,1.0,18.0,24.0,5.0,7.0,9.0,95.0,2022-01-20
Harris Interactive,2021-11-19,2021-11-22,2120,Hypothèse Pécresse,16.0,16.0,2.0,11.0,24.0,9.0,6.0,10.0,94.0,2021-11-22
Harris Interactive,2021-11-19,2021-11-22,2120,Hypothèse Juvin,17.0,17.0,2.0,4.0,30.0,9.0,6.0,10.0,95.0,2021-11-22
Harris Interactive,2021-11-19,2021-11-22,2120,Hypothèse Ciotti,17.0,17.0,2.0,5.0,29.0,9.0,6.0,10.0,95.0,2021-11-22
Harris Interactive,2021-11-19,2021-11-22,2120,Hypothèse Bertrand,16.0,16.0,2.0,14.0,23.0,8.0,6.0,10.0,95.0,2021-11-22
Harris Interactive,2021-11-19,2021-11-22,2120,Hypothèse Barnier,16.0,17.0,2.0,10.0,24.0,9.0,6.0,10.0,94.0,2021-11-22
Ipsos,2022-04-04,2022-04-06,1031,,22.0,8.5,2.0,8.0,27.0,6.0,2.0,17.0,92.5,2022-04-06
Ipsos,2022-03-18,2022-03-22,997,,17.5,11.0,1.5,9.5,29.5,7.0,2.5,13.0,91.5,2022-03-22
Opinion Way,2022-01-30,2022-02-02,1639,,17.0,14.0,2.0,16.0,24.0,5.0,8.0,10.0,96.0,2022-02-02
Opinion Way,2022-02-23,2022-02-24,994,,17.0,14.0,1.0,14.0,25.0,5.0,5.0,11.0,92.0,2022-02-24
Elabe,2022-02-27,2022-02-28,1117,,17.0,14.0,2.0,12.0,25.0,6.5,3.0,12.5,92.0,2022-02-28
Harris Interactive,2021-04-16,2021-04-19,1001,Hypothèse V. Pécresse,26.0,0.0,5.0,12.0,28.0,6.0,6.0,11.0,94.0,2021-04-19
Harris Interactive,2021-04-16,2021-04-19,1001,Hypothèse X. Bertrand,26.0,0.0,5.0,15.0,26.0,6.0,6.0,11.0,95.0,2021-04-19
Opinion Way,2022-01-02,2022-01-03,1059,,16.0,13.0,2.0,16.0,26.0,7.0,5.0,9.0,94.0,2022-01-03
Harris Interactive,2021-11-12,2021-11-15,2027,Hypothèse Pécresse,16.0,17.0,2.0,10.0,24.0,9.0,6.0,10.0,94.0,2021-11-15
Harris Interactive,2021-11-12,2021-11-15,2027,Hypothèse Bertrand,16.0,17.0,1.0,14.0,23.0,8.0,6.0,10.0,95.0,2021-11-15
Harris Interactive,2021-11-12,2021-11-15,2027,Hypothèse Barnier,16.0,18.0,2.0,10.0,24.0,9.0,6.0,10.0,95.0,2021-11-15
BVA,2022-03-22,2022-03-23,1112,,19.0,11.0,1.5,10.5,28.0,6.0,2.0,14.5,92.5,2022-03-23
Opinion Way,2021-12-21,2021-12-22,1048,,16.0,12.0,2.0,18.0,26.0,6.0,8.0,8.0,96.0,2021-12-22
Ifop,2022-01-06,2022-01-10,1373,Hypothèse Taubira candidate,17.0,12.5,2.0,16.0,26.0,5.5,7.5,8.5,95.0,2022-01-10
Ifop,2022-01-06,2022-01-10,1373,Hypothèse sans Taubira,17.5,12.5,2.0,15.5,27.0,6.0,4.5,9.5,94.5,2022-01-10
Harris Interactive,2021-12-28,2021-12-31,2183,Hypothèse Taubira,16.0,16.0,2.0,17.0,25.0,0.0,8.0,11.0,95.0,2021-12-31
Harris Interactive,2021-12-28,2021-12-31,2183,Hypothèse Hidalgo,16.0,16.0,2.0,16.0,26.0,0.0,7.0,12.0,95.0,2021-12-31
Harris Interactive,2021-12-28,2021-12-31,2183,Hypothèse Jadot,16.0,16.0,2.0,17.0,25.0,9.0,0.0,10.0,95.0,2021-12-31
Harris Interactive,2021-12-28,2021-12-31,2183,Hypothèse sans union à gauche,16.0,16.0,2.0,16.0,24.0,7.0,5.0,10.0,96.0,2021-12-31
Cluster17,2022-01-11,2022-01-15,2646,,14.5,14.0,2.5,13.0,22.5,4.5,8.5,12.5,92.0,2022-01-15
Ifop,2021-12-04,2021-12-06,1341,,17.0,13.0,2.5,17.0,25.0,6.0,6.5,9.0,96.0,2021-12-06
Opinion Way,2022-03-26,2022-03-27,1072,,20.0,10.0,2.0,10.0,27.0,6.0,2.0,14.0,91.0,2022-03-27
Cluster17,2021-12-27,2021-12-31,2252,,14.5,15.0,1.5,15.0,23.0,4.0,8.0,13.0,94.0,2021-12-31
Opinion Way,2022-03-05,2022-03-06,1091,,18.0,12.0,1.0,14.0,29.0,6.0,3.0,10.0,93.0,2022-03-06
Opinion Way,2022-03-04,2022-03-07,1672,,18.0,11.0,1.0,13.0,30.0,5.0,3.0,10.0,91.0,2022-03-07
Ifop,2022-02-08,2022-02-11,1382,,17.0,15.0,2.0,15.0,25.5,5.0,5.0,10.5,95.0,2022-02-11
Opinion Way,2022-01-28,2022-01-31,1655,,17.0,13.0,2.0,17.0,24.0,5.0,8.0,10.0,96.0,2022-01-31
Ipsos,2021-06-25,2021-06-26,871,Hypothèse Bertrand,24.0,0.0,5.0,18.0,24.0,10.0,8.0,7.0,96.0,2021-06-26
Ipsos,2021-06-25,2021-06-26,871,Hypothèse Wauquiez,25.0,0.0,5.0,13.0,27.0,10.0,9.0,7.0,96.0,2021-06-26
Ipsos,2021-06-25,2021-06-26,871,Hypothèse Pécresse,26.0,0.0,5.0,13.0,26.0,10.0,9.0,7.0,96.0,2021-06-26
Ifop,2022-03-07,2022-03-10,1378,,18.0,12.0,1.0,12.5,31.0,6.0,2.0,10.5,93.0,2022-03-10
Harris Interactive,2022-03-04,2022-03-07,2088,,18.5,12.5,1.5,10.5,30.5,5.0,2.0,12.5,93.0,2022-03-07
Opinion Way,2022-01-02,2022-01-04,1568,,16.0,13.0,2.0,17.0,25.0,7.0,5.0,9.0,94.0,2022-01-04
Kantar Public,2022-03-07,2022-03-09,1394,,17.0,13.0,3.0,12.0,31.0,4.0,1.5,11.0,92.5,2022-03-09
Opinion Way,2021-12-13,2021-12-15,1470,,16.0,12.0,1.0,17.0,24.0,8.0,6.0,9.0,93.0,2021-12-15
Ifop,2022-02-24,2022-02-28,1385,,16.0,14.0,2.5,13.0,28.0,5.0,4.0,10.5,93.0,2022-02-28
Ipsos,2022-01-05,2022-01-06,780,Hypothèse avec Taubira,17.0,12.0,1.5,16.0,25.5,7.0,7.0,9.0,95.0,2022-01-06
Ipsos,2022-01-05,2022-01-06,780,Hypothèse sans Taubira,17.0,12.0,1.5,16.0,26.0,8.0,5.5,9.0,95.0,2022-01-06
Opinion Way,2022-03-21,2022-03-24,1619,,20.0,9.0,1.0,12.0,28.0,5.0,2.0,14.0,91.0,2022-03-24
Harris Interactive,2021-09-24,2021-09-27,1048,Hypothèse Bertrand,16.0,13.0,2.0,14.0,23.0,6.0,9.0,13.0,96.0,2021-09-27
Harris Interactive,2021-09-24,2021-09-27,1048,Hypothèse Barnier,16.0,14.0,3.0,8.0,26.0,6.0,9.0,13.0,95.0,2021-09-27
Harris Interactive,2021-09-24,2021-09-27,1048,Hypothèse Pécresse,16.0,13.0,2.0,12.0,24.0,6.0,9.0,13.0,95.0,2021-09-27
Ifop,2022-01-10,2022-01-13,1375,Hypothèse avec Taubira,16.0,14.0,1.5,17.0,25.0,6.0,8.0,9.0,96.5,2022-01-13
Ifop,2022-01-10,2022-01-13,1375,Hypothèse sans Taubira,16.5,13.5,2.0,17.0,26.5,6.5,4.0,9.5,95.5,2022-01-13
Ipsos,2022-03-20,2022-03-23,958,,18.5,11.0,1.5,9.5,29.5,7.0,2.0,12.5,91.5,2022-03-23
Opinion Way,2022-02-08,2022-02-11,1615,,17.0,14.0,1.0,16.0,24.0,5.0,6.0,9.0,92.0,2022-02-11
Cluster17,2021-07-04,2021-07-23,15390,,24.0,0.0,4.0,16.0,24.0,7.0,6.0,12.0,93.0,2021-07-23
Elabe,2021-12-17,2021-12-20,1081,,16.0,13.0,2.0,17.0,26.0,5.0,5.0,11.0,95.0,2021-12-20
Ipsos,2021-08-20,2021-08-22,1060,Hypothèse Wauquiez,22.0,7.0,4.0,10.5,25.5,11.0,9.0,8.0,97.0,2021-08-22
Ipsos,2021-08-20,2021-08-22,1060,Hypothèse Barnier,22.5,7.0,4.0,11.0,24.5,11.0,9.0,8.0,97.0,2021-08-22
Ipsos,2021-08-20,2021-08-22,1060,Hypothèse Bertrand,21.0,7.0,4.0,15.0,23.0,11.0,9.0,7.0,97.0,2021-08-22
Ipsos,2021-08-20,2021-08-22,1060,Hypothèse Pécresse,21.0,7.0,4.0,14.0,23.0,11.0,9.0,8.0,97.0,2021-08-22
Opinion Way,2022-02-26,2022-02-27,1090,,18.0,13.0,2.0,15.0,24.0,6.0,4.0,10.0,92.0,2022-02-27
Cluster17,2022-04-02,2022-04-04,2961,,20.0,11.0,3.0,10.0,26.0,4.0,2.0,17.0,93.0,2022-04-04
Opinion Way,2022-01-22,2022-01-25,1634,,16.0,14.0,1.0,17.0,25.0,5.0,8.0,9.0,95.0,2022-01-25
Opinion Way,2022-03-29,2022-04-01,1576,,20.0,10.0,2.0,9.0,28.0,5.0,3.0,15.0,92.0,2022-04-01
Opinion Way,2022-02-28,2022-03-01,1079,,18.0,12.0,1.0,14.0,27.0,6.0,5.0,11.0,94.0,2022-03-01
Opinion Way,2022-03-19,2022-03-20,1092,,17.0,10.0,1.0,13.0,29.0,5.0,3.0,13.0,91.0,2022-03-20
Ifop,2021-03-05,2021-03-11,2554,,28.0,0.0,4.0,14.0,24.0,6.0,8.0,10.0,94.0,2021-03-11
Ifop,2022-03-26,2022-03-30,2298,,21.5,10.5,1.5,10.5,28.0,4.5,2.0,15.0,93.5,2022-03-30
Opinion Way,2022-04-03,2022-04-06,1902,,23.0,9.0,2.0,9.0,27.0,5.0,2.0,16.0,93.0,2022-04-06
Cluster17,2021-12-12,2021-12-15,1520,,15.0,15.0,1.5,18.0,22.0,5.0,4.0,13.0,93.5,2021-12-15
Ifop,2022-03-19,2022-03-23,1368,,20.0,12.0,1.0,11.0,28.0,5.0,2.0,14.0,93.0,2022-03-23
Ifop,2022-01-15,2022-01-19,1365,,18.0,11.5,1.5,16.0,25.0,5.5,7.0,10.0,94.5,2022-01-19
Opinion Way,2022-03-09,2022-03-10,1117,,18.0,12.0,2.0,12.0,30.0,7.0,2.0,11.0,94.0,2022-03-10
Opinion Way,2022-03-27,2022-03-28,1103,,20.0,10.0,1.0,11.0,28.0,5.0,2.0,15.0,92.0,2022-03-28
Ifop,2022-04-05,2022-04-08,2833,,24.0,9.0,1.5,9.0,26.0,5.0,2.0,17.0,93.5,2022-04-08
Elabe,2022-04-07,2022-04-08,1318,,25.0,8.5,2.5,8.0,26.0,4.0,2.0,17.5,93.5,2022-04-08
Ipsos,2022-03-24,2022-03-28,960,,18.5,11.5,2.0,10.0,27.5,6.0,2.0,15.5,93.0,2022-03-28
Opinion Way,2022-03-13,2022-03-16,1597,,17.0,12.0,2.0,11.0,29.0,6.0,3.0,12.0,92.0,2022-03-16
Ipsos,2022-03-25,2022-03-29,982,,19.5,12.0,2.0,9.0,27.0,6.0,2.0,15.0,92.5,2022-03-29
Odoxa,2022-04-05,2022-04-06,1897,,24.0,8.0,2.0,7.0,28.0,5.0,2.0,16.0,92.0,2022-04-06
Kantar Public,2022-04-04,2022-04-05,1394,,23.0,11.0,2.0,8.0,25.0,5.0,2.5,16.0,92.5,2022-04-05
Ipsos,2022-03-15,2022-03-18,916,,15.5,11.5,2.0,11.0,31.0,6.0,2.5,12.0,91.5,2022-03-18
Opinion Way,2022-02-12,2022-02-15,1634,,15.0,14.0,2.0,16.0,25.0,5.0,6.0,10.0,93.0,2022-02-15
Opinion Way,2022-02-16,2022-02-17,982,,17.0,14.0,2.0,15.0,24.0,6.0,5.0,10.0,93.0,2022-02-17
Ipsos,2022-04-08,2022-04-08,7547,,22.5,9.0,2.5,8.5,26.5,5.0,2.0,17.5,93.5,2022-04-08
Cluster17,2022-03-14,2022-03-16,1945,,16.0,12.0,2.5,10.5,29.5,5.0,2.0,14.0,91.5,2022-03-16
Opinion Way,2022-01-21,2022-01-24,1650,,16.0,13.0,1.0,18.0,25.0,5.0,8.0,9.0,95.0,2022-01-24
Odoxa,2021-11-05,2021-11-08,2756,Hypothèse Barnier,19.0,14.5,3.0,9.0,25.0,7.0,7.5,9.0,94.0,2021-11-08
Odoxa,2021-11-05,2021-11-08,2756,Hypothèse Bertrand,18.0,14.0,3.0,12.0,25.0,6.5,6.5,8.5,93.5,2021-11-08
Odoxa,2021-11-05,2021-11-08,2756,Hypothèse Pécresse,18.5,14.5,4.0,9.0,25.0,6.5,7.0,8.5,93.0,2021-11-08
Ifop,2020-06-18,2020-06-19,992,Hypothèse François Baroin,27.0,0.0,5.0,12.0,28.0,8.0,3.0,12.0,95.0,2020-06-19
Ifop,2020-06-18,2020-06-19,992,Hypothèse Xavier Bertrand,28.0,0.0,5.5,12.0,26.0,8.0,3.0,11.0,93.5,2020-06-19
Opinion Way,2022-03-23,2022-03-24,1001,,20.0,10.0,2.0,11.0,27.0,6.0,2.0,14.0,92.0,2022-03-24
Opinion Way,2022-02-25,2022-02-28,1656,,19.0,13.0,2.0,15.0,24.0,5.0,4.0,11.0,93.0,2022-02-28
Cluster17,2022-02-27,2022-03-01,2195,,16.0,16.0,2.0,12.5,25.5,4.5,3.0,13.5,93.0,2022-03-01
Cluster17,2022-03-18,2022-03-20,2527,,16.5,12.5,2.5,10.5,28.0,5.5,1.5,14.5,91.5,2022-03-20
Opinion Way,2022-03-27,2022-03-30,1633,,20.0,10.0,1.0,11.0,28.0,5.0,2.0,15.0,92.0,2022-03-30
Opinion Way,2022-03-14,2022-03-15,1048,,19.0,11.0,2.0,10.0,30.0,6.0,2.0,12.0,92.0,2022-03-15
Ifop,2022-01-31,2022-02-03,1357,,18.0,14.0,1.5,15.5,25.0,4.5,7.5,10.0,96.0,2022-02-03
Opinion Way,2022-01-04,2022-01-07,1561,,17.0,12.0,2.0,17.0,25.0,7.0,5.0,9.0,94.0,2022-01-07
Ipsos,2022-04-02,2022-04-04,8599,,21.5,10.0,2.0,8.5,26.5,6.0,2.0,16.0,92.5,2022-04-04
Opinion Way,2022-02-02,2022-02-03,977,,18.0,13.0,1.0,17.0,24.0,6.0,8.0,9.0,96.0,2022-02-03
Harris Interactive,2022-03-18,2022-03-21,1997,,19.5,11.0,2.0,10.0,29.5,5.0,2.5,14.0,93.5,2022-03-21
Ifop,2022-04-04,2022-04-07,2802,,24.0,8.5,1.5,9.0,26.5,4.5,2.0,17.5,93.5,2022-04-07
Opinion Way,2022-01-11,2022-01-14,1577,,18.0,12.0,2.0,18.0,24.0,6.0,5.0,10.0,95.0,2022-01-14
Ipsos,2022-04-03,2022-04-05,1009,,20.5,10.0,2.5,8.0,27.0,5.5,2.0,16.5,92.0,2022-04-05
Ifop,2022-02-05,2022-02-09,1356,,17.5,14.5,1.5,15.0,25.5,4.5,6.0,10.5,95.0,2022-02-09
Harris Interactive,2022-04-07,2022-04-08,1889,,24.0,8.5,2.0,8.0,27.0,4.5,2.0,18.0,94.0,2022-04-08
Opinion Way,2022-03-20,2022-03-21,1092,,18.0,10.0,2.0,12.0,29.0,5.0,2.0,14.0,92.0,2022-03-21
Cluster17,2022-03-29,2022-03-31,2688,,18.0,12.0,3.0,10.0,27.0,5.0,2.0,16.0,93.0,2022-03-31
Ifop,2022-03-21,2022-03-24,1505,,20.0,11.5,1.5,11.5,28.5,4.5,2.0,14.0,93.5,2022-03-24
Opinion Way,2022-02-06,2022-02-09,1669,,17.0,15.0,2.0,16.0,23.0,4.0,7.0,9.0,93.0,2022-02-09
Ifop,2022-03-14,2022-03-17,1390,,17.5,13.0,1.5,10.5,30.0,5.0,2.0,12.5,92.0,2022-03-17
Harris Interactive,2021-12-10,2021-12-13,2159,,16.0,15.0,2.0,17.0,24.0,7.0,5.0,11.0,97.0,2021-12-13
Elabe,2022-02-21,2022-02-22,1125,,18.0,13.5,2.5,11.5,24.5,5.5,5.0,11.0,91.5,2022-02-22
Ifop,2022-02-03,2022-02-07,1341,,17.5,14.5,1.0,15.5,25.0,4.5,7.0,10.0,95.0,2022-02-07
Opinion Way,2022-01-15,2022-01-18,1624,,17.0,12.0,1.0,17.0,24.0,5.0,9.0,9.0,94.0,2022-01-18
Ipsos,2022-03-13,2022-03-16,891,,16.0,12.0,2.0,10.5,31.0,6.5,2.5,11.0,91.5,2022-03-16
Atlasintel,2022-04-04,2022-04-06,1948,,21.3,12.0,2.9,5.3,27.8,5.0,2.4,18.6,95.30000000000001,2022-04-06
Ipsos,2022-03-14,2022-03-17,890,,15.5,12.0,2.0,11.0,31.0,6.0,2.5,12.0,92.0,2022-03-17
Opinion Way,2022-04-04,2022-04-07,2043,,22.0,9.0,2.0,9.0,26.0,5.0,2.0,17.0,92.0,2022-04-07
Cluster17,2022-02-01,2022-02-05,2367,,15.5,15.5,1.5,13.5,23.0,5.0,4.5,13.0,91.5,2022-02-05
Ifop,2022-02-14,2022-02-17,1371,,16.5,16.0,1.5,15.0,26.0,5.0,4.5,11.0,95.5,2022-02-17
Ifop,2022-02-20,2022-02-24,1374,,16.0,16.0,2.0,14.0,25.0,5.0,5.0,11.0,94.0,2022-02-24
Odoxa,2021-12-07,2021-12-09,1815,,17.0,12.0,2.5,19.0,24.0,6.0,4.0,10.0,94.5,2021-12-09
Odoxa,2022-03-09,2022-03-11,1877,,19.5,11.0,2.0,11.0,29.5,4.5,1.5,11.5,90.5,2022-03-11
Opinion Way,2022-03-30,2022-03-31,1044,,21.0,10.0,3.0,10.0,27.0,5.0,2.0,15.0,93.0,2022-03-31
Ipsos,2022-04-06,2022-04-08,1048,,23.0,9.0,2.5,8.5,26.5,5.0,2.5,16.5,93.5,2022-04-08
Opinion Way,2021-12-08,2021-12-09,962,,16.0,12.0,2.0,17.0,25.0,8.0,8.0,8.0,96.0,2021-12-09
Ifop,2021-10-26,2021-10-27,915,,17.0,15.0,3.5,0.0,23.0,6.0,8.0,9.0,81.5,2021-10-27
Cluster17,2021-10-01,2021-10-18,9646,,13.0,18.5,2.0,10.0,24.0,7.0,7.0,12.0,93.5,2021-10-18
Opinion Way,2022-02-15,2022-02-18,1597,,15.0,15.0,2.0,15.0,24.0,5.0,6.0,11.0,93.0,2022-02-18
Opinion Way,2022-03-18,2022-03-21,1636,,18.0,9.0,2.0,13.0,29.0,5.0,3.0,13.0,92.0,2022-03-21
Ifop,2022-01-25,2022-01-28,1353,,18.0,13.5,1.0,16.5,24.0,5.5,7.5,9.5,95.5,2022-01-28
Opinion Way,2022-01-17,2022-01-20,1603,,17.0,13.0,1.0,18.0,24.0,5.0,9.0,9.0,96.0,2022-01-20
Opinion Way,2022-03-15,2022-03-18,1542,,17.0,11.0,2.0,12.0,29.0,5.0,3.0,13.0,92.0,2022-03-18
Ipsos,2021-12-07,2021-12-13,6736,,14.5,14.5,2.0,17.0,24.0,8.5,6.0,8.5,95.0,2021-12-13
BVA,2022-03-30,2022-03-31,1154,,21.0,9.5,2.5,9.5,27.0,5.0,2.0,15.5,92.0,2022-03-31
Opinion Way,2022-02-27,2022-03-02,1642,,19.0,12.0,2.0,15.0,26.0,4.0,5.0,10.0,93.0,2022-03-02
Ipsos,2022-03-29,2022-04-01,978,,20.0,11.0,1.5,9.5,26.5,6.5,2.0,16.0,93.0,2022-04-01
BVA,2022-04-06,2022-04-07,1188,,23.0,9.5,2.0,8.5,26.0,4.5,2.5,17.5,93.5,2022-04-07
Opinion Way,2022-02-07,2022-02-10,1648,,17.0,15.0,2.0,16.0,23.0,4.0,7.0,9.0,93.0,2022-02-10
Opinion Way,2022-03-05,2022-03-08,1677,,18.0,11.0,2.0,12.0,30.0,5.0,3.0,10.0,91.0,2022-03-08
Ifop,2022-03-03,2022-03-07,1387,,18.0,12.5,1.5,13.0,30.0,5.0,2.5,11.5,94.0,2022-03-07
Cluster17,2022-01-04,2022-01-08,2291,,15.0,13.5,2.0,14.0,23.0,4.5,8.0,12.5,92.5,2022-01-08
Opinion Way,2022-04-04,2022-04-05,1212,,23.0,9.0,2.0,9.0,27.0,6.0,2.0,15.0,93.0,2022-04-05
Harris Interactive,2022-03-11,2022-03-14,2089,,19.5,11.0,1.5,10.5,30.0,5.0,2.5,13.5,93.5,2022-03-14
Opinion Way,2022-03-22,2022-03-23,1105,,19.0,10.0,2.0,11.0,28.0,6.0,2.0,14.0,92.0,2022-03-23
Opinion Way,2022-03-29,2022-03-30,1077,,20.0,10.0,2.0,11.0,28.0,5.0,2.0,15.0,93.0,2022-03-30
Opinion Way,2022-02-28,2022-03-03,1608,,18.0,12.0,2.0,14.0,27.0,5.0,4.0,10.0,92.0,2022-03-03
Opinion Way,2022-04-01,2022-04-04,1666,,22.0,9.0,3.0,9.0,28.0,6.0,2.0,14.0,93.0,2022-04-04
Opinion Way,2022-01-03,2022-01-06,1534,,17.0,12.0,2.0,17.0,25.0,7.0,5.0,9.0,94.0,2022-01-06
Opinion Way,2022-03-12,2022-03-15,1644,,18.0,11.0,2.0,11.0,30.0,6.0,3.0,11.0,92.0,2022-03-15
Ifop,2022-02-19,2022-02-23,1366,,15.5,16.0,2.0,14.5,25.0,5.5,4.0,11.5,94.0,2022-02-23
Elabe,2022-03-28,2022-03-30,1148,,21.0,10.5,2.5,9.5,28.0,4.0,2.0,15.5,93.0,2022-03-30
BVA,2022-01-05,2022-01-06,1101,,17.0,12.0,2.0,16.0,25.0,8.0,5.0,10.0,95.0,2022-01-06
Opinion Way,2022-02-09,2022-02-10,983,,18.0,13.0,1.0,16.0,23.0,6.0,7.0,10.0,94.0,2022-02-10
Opinion Way,2022-03-22,2022-03-25,1610,,21.0,10.0,1.0,12.0,27.0,5.0,2.0,13.0,91.0,2022-03-25
Elabe,2022-04-04,2022-04-05,1067,,23.0,9.0,2.0,8.0,28.0,5.0,2.0,15.5,92.5,2022-04-05
Ipsos,2022-03-21,2022-03-24,8908,,17.5,11.5,2.0,10.0,28.0,7.0,2.0,14.0,92.0,2022-03-24
Ifop,2022-02-11,2022-02-15,1381,,17.5,15.0,1.5,14.5,25.5,4.5,5.0,11.5,95.0,2022-02-15
Opinion Way,2022-01-09,2022-01-12,1604,,18.0,12.0,2.0,16.0,25.0,7.0,5.0,9.0,94.0,2022-01-12
YouGov,2022-03-28,2022-03-31,1883,,25.0,9.0,2.0,8.0,27.0,6.0,1.0,15.0,93.0,2022-03-31
Opinion Way,2022-01-07,2022-01-10,1644,,17.0,12.0,2.0,16.0,25.0,8.0,5.0,9.0,94.0,2022-01-10
Ipsos,2022-03-27,2022-03-30,990,,20.5,11.5,2.0,9.0,27.0,6.0,1.5,15.5,93.0,2022-03-30
Ifop,2022-01-22,2022-01-26,1358,,18.5,13.0,2.0,16.0,24.5,5.5,6.5,9.0,95.0,2022-01-26
Opinion Way,2022-03-06,2022-03-09,1661,,18.0,11.0,2.0,12.0,30.0,5.0,3.0,11.0,92.0,2022-03-09
Opinion Way,2022-03-01,2022-03-02,1065,,18.0,12.0,1.0,14.0,27.0,6.0,5.0,11.0,94.0,2022-03-02
Ifop,2022-03-11,2022-03-15,1391,,18.0,12.5,1.0,11.0,31.0,5.0,2.0,12.0,92.5,2022-03-15
Ifop,2022-03-15,2022-03-18,1397,,17.5,13.0,1.5,11.0,29.0,5.0,2.0,13.5,92.5,2022-03-18
Ipsos,2022-03-17,2022-03-21,977,,17.0,10.0,2.0,10.0,30.5,6.5,3.0,13.0,92.0,2022-03-21
Ifop,2022-02-04,2022-02-08,1351,,17.0,15.0,1.5,15.5,25.0,4.5,6.5,10.0,95.0,2022-02-08
Opinion Way,2022-04-03,2022-04-04,1083,,23.0,10.0,3.0,9.0,26.0,6.0,2.0,14.0,93.0,2022-04-04
Ifop,2021-02-23,2021-02-24,902,,0.0,17.0,0.0,21.0,31.0,9.0,8.0,12.0,98.0,2021-02-24
BVA,2022-03-15,2022-03-16,1106,,18.0,13.0,2.0,10.0,30.0,5.5,2.5,13.0,94.0,2022-03-16
Cluster17,2022-04-06,2022-04-08,3218,,21.0,9.5,3.0,9.5,26.0,4.0,2.0,18.0,93.0,2022-04-08
